id,created at,updated at,price,label,picture
30857,2018-03-16 22:13:53 UTC,2018-03-16 22:13:53 UTC,500.0,"Marvel 6"" Legends Series Energized Emissaries: Captain Britain",https://s3-eu-west-1.amazonaws.com/forestadmin-test/livedemo/c9d7bf17-dfa1-4117-ac57-7ceff93f8c3b_1.a76ad952fdaf058aac8334e6f1dbbba0.jpeg?odnWidth=180&odnHeight=180&odnBg=ffffff
30858,2018-03-16 22:13:53 UTC,2018-03-16 22:13:53 UTC,9900.0,DC Comics Multiverse Justice League Batman,https://s3-eu-west-1.amazonaws.com/forestadmin-test/livedemo/be00a108-b7db-49f6-b8a7-a10817569061_1.18923e67eb9a7286a6b0d9dd5a4c8b59.jpeg?odnWidth=180&odnHeight=180&odnBg=ffffff
30859,2018-03-16 22:13:53 UTC,2018-03-16 22:13:53 UTC,3800.0,Transformers Generations Titans Return Titan Class Trypticon,https://s3-eu-west-1.amazonaws.com/forestadmin-test/livedemo/042f8719-a738-4ef2-a478-90b0e17b4847_1.44ca7e116b652d6d1848893e8e6c1dda.jpeg?odnWidth=180&odnHeight=180&odnBg=ffffff
30860,2018-03-16 22:13:53 UTC,2018-03-16 22:13:53 UTC,1600.0,Marvel Titan Hero Series Marvelï¿½s Falcon Electronic Figure,https://s3-eu-west-1.amazonaws.com/forestadmin-test/livedemo/14a48161-2c95-46a7-acb0-76746a360dce_1.fddc73f212ced49388970467422a1ddc.jpeg?odnWidth=180&odnHeight=180&odnBg=ffffff
30861,2018-03-16 22:13:53 UTC,2018-03-16 22:13:53 UTC,3400.0,Imaginext DC Super Friends Batman Batbot Xtreme,https://s3-eu-west-1.amazonaws.com/forestadmin-test/livedemo/5d50b41b-ac25-4813-90da-6cac57ac933a_1.c2f2c07f90fdfa37c56b89f8b0beb64c.jpeg?odnWidth=180&odnHeight=180&odnBg=ffffff
30862,2018-03-16 22:13:53 UTC,2018-03-16 22:13:53 UTC,5900.0,Mario Bros U Plush Falco Lombardi,https://s3-eu-west-1.amazonaws.com/forestadmin-test/livedemo/ae0f5acf-40cb-4aa1-885d-8876f4ed6efd_1.3d4167cc37a363a47de6ae5ce9d76f09.jpeg?odnWidth=180&odnHeight=180&odnBg=ffffff
30863,2018-03-16 22:13:53 UTC,2018-03-16 22:13:53 UTC,2500.0,"DreamWorks Dragons Action Dragon 8"" Plush, Deadly Nadder",https://s3-eu-west-1.amazonaws.com/forestadmin-test/livedemo/05986eeb-2ac7-4781-b6ec-7653491c0b84_1.d90a1fd202c65f263514b024ff5a3ab2.jpeg?odnWidth=180&odnHeight=180&odnBg=ffffff
30864,2018-03-16 22:13:53 UTC,2018-03-16 22:13:53 UTC,6900.0,"Star Wars The Black Series 6"" First Order Flametrooper",https://s3-eu-west-1.amazonaws.com/forestadmin-test/livedemo/e45dce67-d9ab-4e4d-9a36-45be6948c881_1.d07c8cefc61d23e28b19bd40cd23ecff.jpeg?odnWidth=180&odnHeight=180&odnBg=ffffff
30865,2018-03-16 22:13:53 UTC,2018-03-16 22:13:53 UTC,9700.0,"Star Wars The Black Series 6"" First Order Snowtrooper",https://s3-eu-west-1.amazonaws.com/forestadmin-test/livedemo/94a4a6e8-002f-4c82-843a-edbe644701d0_1.2961a264bfbbef444539f1007e6961e3.jpeg?odnWidth=180&odnHeight=180&odnBg=ffffff
30866,2018-03-16 22:13:53 UTC,2018-03-16 22:13:53 UTC,3200.0,"Marvel Legends Series 3.75"" Black Panther",https://s3-eu-west-1.amazonaws.com/forestadmin-test/livedemo/bc1462b9-14f9-448b-9029-fcde18d7e64d_1.c8b7a59834fecb1f91912ab3522fa688.jpeg?odnWidth=180&odnHeight=180&odnBg=ffffff
30867,2018-03-16 22:13:53 UTC,2018-03-16 22:13:53 UTC,5200.0,Marvel Titan Hero Series Avengers 4-Pack,https://s3-eu-west-1.amazonaws.com/forestadmin-test/livedemo/7637ed3a-9046-417b-bff1-5a2deb0d7be0_1.0c2371cf3af37a8bca564e373ac167af.jpeg?odnWidth=180&odnHeight=180&odnBg=ffffff
30868,2018-03-16 22:13:53 UTC,2018-03-16 22:13:53 UTC,8500.0,Star Wars The Black Series 40th Anniversary Legacy Pack,https://s3-eu-west-1.amazonaws.com/forestadmin-test/livedemo/5f0b09f8-8afc-4eba-ae76-f8eea6c1e582_1.a1d6f5c20a2b911c566108e506a99e81.jpeg?odnWidth=180&odnHeight=180&odnBg=ffffff
30869,2018-03-16 22:13:53 UTC,2018-03-16 22:13:53 UTC,9300.0,Star Wars The Black Series The Force Awakens Kylo Ren Unmasked,https://s3-eu-west-1.amazonaws.com/forestadmin-test/livedemo/d8960e35-7b03-4cdb-a612-b6921dccd787_1.8a4981857fcac6afb755d9e89adb4e91.jpeg?odnWidth=180&odnHeight=180&odnBg=ffffff
30870,2018-03-16 22:13:53 UTC,2018-03-16 22:13:53 UTC,7900.0,Star Wars Black Series Rebels Ahsoka Tano,https://s3-eu-west-1.amazonaws.com/forestadmin-test/livedemo/37bc0983-7895-4a72-b5c9-37e2944cbb6b_1.819eea953e430f27a079255a14d177e6.jpeg?odnWidth=180&odnHeight=180&odnBg=ffffff
30871,2018-03-16 22:13:53 UTC,2018-03-16 22:13:53 UTC,9500.0,Marvel Black Panther Titan Hero Series 12-inch Erik Killmonger,https://s3-eu-west-1.amazonaws.com/forestadmin-test/livedemo/5f93e501-0aa3-4d9f-9ae4-294dee92960e_1.846b729627c416b72c0b5f6fc45430c2.jpeg?odnWidth=180&odnHeight=180&odnBg=ffffff
30872,2018-03-16 22:13:53 UTC,2018-03-16 22:13:53 UTC,8800.0,"Marvel Avengers Legends Series Black Panther 6"" Action Figure",https://s3-eu-west-1.amazonaws.com/forestadmin-test/livedemo/548c0c06-5a77-4c60-8227-db3b42bfed45_2.1c43996a0725386251e1e8653f765796.jpeg?odnWidth=180&odnHeight=180&odnBg=ffffff
30873,2018-03-16 22:13:53 UTC,2018-03-16 22:13:53 UTC,3100.0,"Funko Dorbz: Marvel, Carnage Walmart Exclusive",https://s3-eu-west-1.amazonaws.com/forestadmin-test/livedemo/7934d54f-a8f0-4297-84be-898ae2ccc401_1.4daa39bae97df3c1e5c13cf60b0e97e4.jpeg?odnWidth=180&odnHeight=180&odnBg=ffffff
30874,2018-03-16 22:13:53 UTC,2018-03-16 22:13:53 UTC,5200.0,Star Wars The Black Series 3.75-Inch Han Solo,https://s3-eu-west-1.amazonaws.com/forestadmin-test/livedemo/728455e6-2c55-46ea-9a87-84a75f431d03_1.9f63a6a790447cd447a69806673109b5.jpeg?odnWidth=180&odnHeight=180&odnBg=ffffff
30875,2018-03-16 22:13:53 UTC,2018-03-16 22:13:53 UTC,8600.0,Star Wars Black Series Return of the Jedi Lando Calrissian,https://s3-eu-west-1.amazonaws.com/forestadmin-test/livedemo/2af43322-2560-4e8d-8adb-e0790e25d268_1.4b73b0daeb6c4e30f411f6164123071d.jpeg?odnWidth=180&odnHeight=180&odnBg=ffffff
30876,2018-03-16 22:13:53 UTC,2018-03-16 22:13:53 UTC,3100.0,"Despicable Me 3 Minions 5"" Plush Buddy Jail Time Tom",https://s3-eu-west-1.amazonaws.com/forestadmin-test/livedemo/1b19ce68-02bf-4b3b-b8c4-718feacb18d7_1.a059e22f0b8bf2a2ef0f5465f287673b.jpeg?odnWidth=180&odnHeight=180&odnBg=ffffff
30877,2018-03-16 22:13:53 UTC,2018-03-16 22:13:53 UTC,1500.0,Mario Bros U Plush Monty Mole,https://s3-eu-west-1.amazonaws.com/forestadmin-test/livedemo/2541c3fe-e08e-46f2-853d-480dc29fc409_1.b670b77a7ab435a2d968401fab576a03.jpeg?odnWidth=180&odnHeight=180&odnBg=ffffff
30878,2018-03-16 22:13:53 UTC,2018-03-16 22:13:53 UTC,4800.0,"Star Wars The Black Series 3.75"" Kylo Ren",https://s3-eu-west-1.amazonaws.com/forestadmin-test/livedemo/5419c5e8-aaf3-4268-814f-4cd1e288e370_1.faedf2805c9351f307c853b9ecfe7d0c.jpeg?odnWidth=180&odnHeight=180&odnBg=ffffff
30879,2018-03-16 22:13:53 UTC,2018-03-16 22:13:53 UTC,3000.0,Funko Rock Candy: DC Harley Quinn Black and White Walmart Exclusive,https://s3-eu-west-1.amazonaws.com/forestadmin-test/livedemo/47145928-0399-458d-8858-8bb5876651ac_1.a66135632c41e789f691d669345e4441.jpeg?odnWidth=180&odnHeight=180&odnBg=ffffff
30880,2018-03-16 22:13:53 UTC,2018-03-16 22:13:53 UTC,2200.0,"Star Wars Black Series 3.75"" Ponda Baba",https://s3-eu-west-1.amazonaws.com/forestadmin-test/livedemo/419ff829-97ac-4ded-97c5-938335cdeee4_1.b74de63456904a8c116e3c1ccc3cb104.jpeg?odnWidth=180&odnHeight=180&odnBg=ffffff
30881,2018-03-16 22:13:53 UTC,2018-03-16 22:13:53 UTC,2500.0,Imaginext Power Rangers Headquarters,https://s3-eu-west-1.amazonaws.com/forestadmin-test/livedemo/7d246d7c-9839-4f8c-a495-33a070e643e9_1.b43d318b9eed30625140a7cef3a10075.jpeg?odnWidth=180&odnHeight=180&odnBg=ffffff
30882,2018-03-16 22:13:53 UTC,2018-03-16 22:13:53 UTC,2900.0,"Star Wars Black Series 3.75"" Tusken Raider",https://s3-eu-west-1.amazonaws.com/forestadmin-test/livedemo/05b51494-202c-45b6-9bc0-376bc9305681_1.cadf8dba86b3867cdfa3190e0ea6e160.jpeg?odnWidth=180&odnHeight=180&odnBg=ffffff
30883,2018-03-16 22:13:53 UTC,2018-03-16 22:13:53 UTC,3900.0,"Barbie Doll, Black Dress",https://s3-eu-west-1.amazonaws.com/forestadmin-test/livedemo/a7cd8bb4-6685-4663-a3d1-1f498289662d_1.7d20749ba9ff3638ba9a0d27ad1d1884.jpeg?odnWidth=180&odnHeight=180&odnBg=ffffff
30884,2018-03-16 22:13:53 UTC,2018-03-16 22:13:53 UTC,1300.0,Star Wars Black Series Rogue One Jyn Erso,https://s3-eu-west-1.amazonaws.com/forestadmin-test/livedemo/3e77ff35-b12c-4753-9513-0a63705bc02d_1.c516f0e26a03d80e063261deabad4e51.jpeg?odnWidth=180&odnHeight=180&odnBg=ffffff
30885,2018-03-16 22:13:53 UTC,2018-03-16 22:13:53 UTC,5700.0,Paw Patrol Snow Rescue - Arctic Pups Action Pack Gift Set - Walmart Exclusive,https://s3-eu-west-1.amazonaws.com/forestadmin-test/livedemo/1641ced3-c6c4-44be-94b3-fcec3b8b2a02_1.6f71f009f71abfa1cfee17d31027785a.jpeg?odnWidth=180&odnHeight=180&odnBg=ffffff
30886,2018-03-16 22:13:53 UTC,2018-03-16 22:13:53 UTC,4100.0,Star Wars Black Series Return of the Jedi Admiral Ackbar,https://s3-eu-west-1.amazonaws.com/forestadmin-test/livedemo/75d99eee-6393-4cf5-b2ec-1aa8248f27e0_1.2359165812252b88a74cd90b7de3c97f.jpeg?odnWidth=180&odnHeight=180&odnBg=ffffff
30887,2018-03-16 22:13:53 UTC,2018-03-16 22:13:53 UTC,7800.0,Star Wars Rogue One Scarif Stormtrooper and Moroff Deluxe Pack,https://s3-eu-west-1.amazonaws.com/forestadmin-test/livedemo/5bd3c661-813a-4001-b9bb-097e553b1440_1.495211793c61c3c3b590f8564980316d.jpeg?odnWidth=180&odnHeight=180&odnBg=ffffff
30888,2018-03-16 22:13:53 UTC,2018-03-16 22:13:53 UTC,6600.0,"Kids Toy Walking T-Rex Dinosaur Toy Figure With Lights & Sounds, Real Movement",https://s3-eu-west-1.amazonaws.com/forestadmin-test/livedemo/c9e3d714-d4cd-4c88-b494-ad82fc85ff53_1.097bd9f5c5d53ec968eb2806bdf36f40.jpeg?odnWidth=180&odnHeight=180&odnBg=ffffff
30889,2018-03-16 22:13:53 UTC,2018-03-16 22:13:53 UTC,8800.0,WWE Raw Main Event Ring,https://s3-eu-west-1.amazonaws.com/forestadmin-test/livedemo/563ba2b5-ff74-4656-9ca4-dd5fcf30a555_1.15b9c1c3ed9ee17a009217e3d1263c70.jpeg?odnWidth=180&odnHeight=180&odnBg=ffffff
30890,2018-03-16 22:13:53 UTC,2018-03-16 22:13:53 UTC,4500.0,Star Wars: Rogue One TIE Striker,https://s3-eu-west-1.amazonaws.com/forestadmin-test/livedemo/689cf09b-83a0-4deb-988b-27f32158e917_1.3aa61b7c806f11dc9d611c6988f9471e.jpeg?odnWidth=180&odnHeight=180&odnBg=ffffff
30891,2018-03-16 22:13:53 UTC,2018-03-16 22:13:53 UTC,7500.0,"Paw Patrol Action Pack Pups Figure Set, 3-Pack, Marshall/Ryder/Chase",https://s3-eu-west-1.amazonaws.com/forestadmin-test/livedemo/3e5d0fb4-9bdf-4ff0-a807-a39ad0ef1bd1_1.c02372baf09bc0e651fac58acc9baedd.jpeg?odnWidth=180&odnHeight=180&odnBg=ffffff
30892,2018-03-16 22:13:53 UTC,2018-03-16 22:13:53 UTC,4000.0,Imaginext DC Super Friends RC Transforming Batbot,https://s3-eu-west-1.amazonaws.com/forestadmin-test/livedemo/68550d72-85d5-47bc-a35b-e24029815d71_1.d04ef319a0af7762207fbfb4e022f01c.jpeg?odnWidth=180&odnHeight=180&odnBg=ffffff
30893,2018-03-16 22:13:53 UTC,2018-03-16 22:13:53 UTC,3700.0,Playskool Heroes Transformers Rescue Bots Griffin Rock Rescue Team,https://s3-eu-west-1.amazonaws.com/forestadmin-test/livedemo/9f1da91c-6e70-45bd-809c-358a172dab68_1.cb4be289caffd38700a3f91055d0d0b6.jpeg?odnWidth=180&odnHeight=180&odnBg=ffffff
30894,2018-03-16 22:13:53 UTC,2018-03-16 22:13:53 UTC,5500.0,Marvel Guardians of the Galaxy Groot: Ravager Outfit,https://s3-eu-west-1.amazonaws.com/forestadmin-test/livedemo/67929ce1-bab1-4f54-b5af-e6df9b44642b_1.1020cd3b8c2bd4c5128e421103ad3ddc.jpeg?odnWidth=180&odnHeight=180&odnBg=ffffff
30895,2018-03-16 22:13:53 UTC,2018-03-16 22:13:53 UTC,4000.0,Marvel Legends Series Comic 2-Pack Supreme Powers,https://s3-eu-west-1.amazonaws.com/forestadmin-test/livedemo/da64b799-a87e-4b34-9e69-a11e76172316_1.b874913de5f4b1051c7c40f238b0e452.jpeg?odnWidth=180&odnHeight=180&odnBg=ffffff
30896,2018-03-16 22:13:53 UTC,2018-03-16 22:13:53 UTC,1700.0,Transformers Rescue Bots Flip Racers Optimus Prime Race Track Trailer,https://s3-eu-west-1.amazonaws.com/forestadmin-test/livedemo/61b3a903-2223-43aa-ab25-33d96efacf63_1.04dee41a74e76b1c5c77b86890424182.jpeg?odnWidth=180&odnHeight=180&odnBg=ffffff
30897,2018-03-16 22:13:53 UTC,2018-03-16 22:13:53 UTC,5700.0,"",""
30898,2018-03-16 22:14:01 UTC,2018-03-16 22:14:01 UTC,16400.0,Terra & Sky Women's Plus Roll Tab 2 Pocket Shirt Dress,//s3-eu-west-1.amazonaws.com/forestadmin-test/livedemo/bc2ee02a-8d10-4efa-a193-4d5399152cbd_1.23ff9b12b446fcf88fba4212338f375a.jpeg?odnWidth=180&odnHeight=180&odnBg=ffffff
30899,2018-03-16 22:14:01 UTC,2018-03-16 22:14:01 UTC,8600.0,Paper Doll Women's Plus Sleeveless Floral Print Faux Wrap Dress,//s3-eu-west-1.amazonaws.com/forestadmin-test/livedemo/e2a73577-4db5-49de-ac33-de41dc5eccf8_1.33a41c3968f597cf3988d21b6a5d5dab.jpeg?odnWidth=180&odnHeight=180&odnBg=ffffff
30900,2018-03-16 22:14:01 UTC,2018-03-16 22:14:01 UTC,20000.0,Moral Fiber Women's Plus Long Sleeve Lace Detail Ruffle Cold Shoulder,//s3-eu-west-1.amazonaws.com/forestadmin-test/livedemo/fe0eea7c-4f0d-458a-8ebd-31975a44f344_1.b500b4cbf5073dd717ba448bbfb0b7d1.jpeg?odnWidth=180&odnHeight=180&odnBg=ffffff
30901,2018-03-16 22:14:01 UTC,2018-03-16 22:14:01 UTC,8800.0,"Whoa, Wait Women's Plus Maxi Slip Dress - Size 4X",//s3-eu-west-1.amazonaws.com/forestadmin-test/livedemo/eaa4a143-8a95-4be3-80aa-00feafb3172c_1.7c5d3a9afe89f8f9f5b8f1f8c0988741.jpeg?odnWidth=180&odnHeight=180&odnBg=ffffff
30902,2018-03-16 22:14:01 UTC,2018-03-16 22:14:01 UTC,18500.0,Nlife Fashion Summer Plus Size Loose Short Sleeves Lace Hollow A Style Dress,//s3-eu-west-1.amazonaws.com/forestadmin-test/livedemo/af25a409-711d-4c1e-9173-8a2150465599_1.ec1fa11d8ad7ccc515941711a14295c9.jpeg?odnWidth=180&odnHeight=180&odnBg=ffffff
30903,2018-03-16 22:14:01 UTC,2018-03-16 22:14:01 UTC,8300.0,Poof Juniors' Plus Varsity Striped Sweatshirt Dress,//s3-eu-west-1.amazonaws.com/forestadmin-test/livedemo/6ee1870f-239e-4895-937b-d656a1137cef_1.b9e71ecd5522fa9ec53aa45f1f533313.jpeg?odnWidth=180&odnHeight=180&odnBg=ffffff
30904,2018-03-16 22:14:01 UTC,2018-03-16 22:14:01 UTC,2200.0,5XL Plus Size Women Gradient Print Knee Dress,//s3-eu-west-1.amazonaws.com/forestadmin-test/livedemo/15582450-1b5f-4622-9bdc-4d6b27d7d4b4_1.1d46d6a5011774618ea4fa6fa8f4c75b.jpeg?odnWidth=180&odnHeight=180&odnBg=ffffff
30905,2018-03-16 22:14:01 UTC,2018-03-16 22:14:01 UTC,14300.0,Paper Doll Women's Plus Long Sleeve Chevron Shift Dress,//s3-eu-west-1.amazonaws.com/forestadmin-test/livedemo/9b1d3498-94a9-41e6-997d-3a310558da56_1.b8136a3e5508668d75caee2ef9a53802.jpeg?odnWidth=180&odnHeight=180&odnBg=ffffff
30906,2018-03-16 22:14:01 UTC,2018-03-16 22:14:01 UTC,1500.0,Paperdoll Women's Plus Sleeveless Wrap Dress With Ruffle Trim,//s3-eu-west-1.amazonaws.com/forestadmin-test/livedemo/fdad1ec8-5b87-488f-91bc-4efe36ef3536_1.ba0aaa39fe80c0d7c016a0cea8dbcb39.jpeg?odnWidth=180&odnHeight=180&odnBg=ffffff
30907,2018-03-16 22:14:01 UTC,2018-03-16 22:14:01 UTC,8900.0,Ella Samani Women's Plus Long Sleeve Slinky Knot Front Dress,//s3-eu-west-1.amazonaws.com/forestadmin-test/livedemo/14716fcf-4ca1-456f-a068-b50b99e66055_1.e8002be44c2a65a805e57b6d009b6703.jpeg?odnWidth=180&odnHeight=180&odnBg=ffffff
30908,2018-03-16 22:14:01 UTC,2018-03-16 22:14:01 UTC,5900.0,Paper Doll Women's Plus Elbow Sleeve Floral Print Bodycon Dress With Lace Yoke,//s3-eu-west-1.amazonaws.com/forestadmin-test/livedemo/8d8c4965-d353-492a-a16f-429f51c204f9_1.fba31459a8a257f86188f2f0ffd0473e.jpeg?odnWidth=180&odnHeight=180&odnBg=ffffff
30909,2018-03-16 22:14:01 UTC,2018-03-16 22:14:01 UTC,8900.0,Women's Plus Embroidered Mesh Cocktail Dress With Ruched Skirt,//s3-eu-west-1.amazonaws.com/forestadmin-test/livedemo/080266ac-d6a7-44fd-a1ca-7de310d4456e_1.4055bf3641e9ac7d0e30925c342c843c.jpeg?odnWidth=180&odnHeight=180&odnBg=ffffff
30910,2018-03-16 22:14:01 UTC,2018-03-16 22:14:01 UTC,1900.0,Poof Junior's Plus Sleevless Floral Print Flowy Dress,//s3-eu-west-1.amazonaws.com/forestadmin-test/livedemo/aaf20c3c-6333-4b57-90ae-eea7b48d5169_1.4d96073a71ee167f0204b7bf6b4c8b6e.jpeg?odnWidth=180&odnHeight=180&odnBg=ffffff
30911,2018-03-16 22:14:01 UTC,2018-03-16 22:14:01 UTC,1500.0,Summer Sleeveless Solid Color Bench Black Irregular Dress,//s3-eu-west-1.amazonaws.com/forestadmin-test/livedemo/7a56216c-5a59-4c59-bb2a-1ccc5a4bb88a_1.e8dd579f6e1cbd08a3b5197df6b91576.jpeg?odnWidth=180&odnHeight=180&odnBg=ffffff
30912,2018-03-16 22:14:01 UTC,2018-03-16 22:14:01 UTC,10400.0,"Whoa, Wait Women's Plus Off the Shoulder Dress with Tie Sleeves",//s3-eu-west-1.amazonaws.com/forestadmin-test/livedemo/c99f42b3-98d8-414e-ada9-c1e00376f531_1.bb09dea96e6122dac68813e105095afb.jpeg?odnWidth=180&odnHeight=180&odnBg=ffffff
30913,2018-03-16 22:14:01 UTC,2018-03-16 22:14:01 UTC,18200.0,Paper Tee Women'S Plus Lace Romper,//s3-eu-west-1.amazonaws.com/forestadmin-test/livedemo/cb6a998b-fcf0-4972-8db5-38c33e619548_1.6f76ceb098378ca70c2d547e1176d081.jpeg?odnWidth=180&odnHeight=180&odnBg=ffffff
30914,2018-03-16 22:14:01 UTC,2018-03-16 22:14:01 UTC,8700.0,Ella Samari Women's Plus Elbow Sleeve Lace Cocktail Dress with Ruched Sides,//s3-eu-west-1.amazonaws.com/forestadmin-test/livedemo/92846874-077c-4a4d-846f-9c704cacdcb7_1.84699e9fc501e100236adda87f95cf6c.jpeg?odnWidth=180&odnHeight=180&odnBg=ffffff
30915,2018-03-16 22:14:01 UTC,2018-03-16 22:14:01 UTC,14600.0,Plus Size S-XXXL Summer dress vestido women Sexy Sleeveless Casual Party Beach Sundress Short Mini Dress zanzea,//s3-eu-west-1.amazonaws.com/forestadmin-test/livedemo/0261b77d-3356-4cee-a04d-180a0d9163b9_1.a1f77a010d63692543f27a8ca390fdaf.jpeg?odnWidth=180&odnHeight=180&odnBg=ffffff
30916,2018-03-16 22:14:01 UTC,2018-03-16 22:14:01 UTC,8200.0,Cherokee Women's Plus Printed Dress with Cuffed Sleeves,//s3-eu-west-1.amazonaws.com/forestadmin-test/livedemo/e920b2a4-e993-433b-b258-d3f3962bedcf_1.3a983121c4b8e1da57c3295f1122dd32.jpeg?odnWidth=180&odnHeight=180&odnBg=ffffff
30917,2018-03-16 22:14:01 UTC,2018-03-16 22:14:01 UTC,14900.0,Women's Plus Size Long Loose Crewneck Pleated Casual Solid Dress,//s3-eu-west-1.amazonaws.com/forestadmin-test/livedemo/08bbd1ae-3155-4e4d-b684-3ff562249fc7_1.49204990fe39e76739d38b5b81003b8a.jpeg?odnWidth=180&odnHeight=180&odnBg=ffffff
30918,2018-03-16 22:14:01 UTC,2018-03-16 22:14:01 UTC,4100.0,ZANZEA Womens Jumpsuits Strap Dungaree Overalls Harem Jean,//s3-eu-west-1.amazonaws.com/forestadmin-test/livedemo/4796999d-dc49-42a6-8d66-986841aac76e_1.84056a7051d04d51f3cf15f3fedefb84.jpeg?odnWidth=180&odnHeight=180&odnBg=ffffff
30919,2018-03-16 22:14:01 UTC,2018-03-16 22:14:01 UTC,3400.0,Cherokee Women's Plus Woven Off Shoulder Dress with Tie Sleeves,//s3-eu-west-1.amazonaws.com/forestadmin-test/livedemo/89f6aa21-1e74-4f63-b302-7d2caf83b95d_1.cda183e81e8867ae859068c8f08d2f54.jpeg?odnWidth=180&odnHeight=180&odnBg=ffffff
30920,2018-03-16 22:14:01 UTC,2018-03-16 22:14:01 UTC,3800.0,Terra & Sky Women's Plus Roll Tab 2 Pocket Shirt Dress,//s3-eu-west-1.amazonaws.com/forestadmin-test/livedemo/bc2ee02a-8d10-4efa-a193-4d5399152cbd_1.23ff9b12b446fcf88fba4212338f375a.jpeg?odnWidth=180&odnHeight=180&odnBg=ffffff
30921,2018-03-16 22:14:01 UTC,2018-03-16 22:14:01 UTC,14500.0,Cherokee Women's Plus Sleeveless Woven Hankerchief Hem Dress,//s3-eu-west-1.amazonaws.com/forestadmin-test/livedemo/7472c895-b487-46d4-a57c-41f4b701ede4_1.61fcf2a93711aa5fab77760d25f5257c.jpeg?odnWidth=180&odnHeight=180&odnBg=ffffff
30922,2018-03-16 22:14:01 UTC,2018-03-16 22:14:01 UTC,9100.0,Paper Doll Women's Plus Sleeveless Surplice Printed Knit Jumpsuit,//s3-eu-west-1.amazonaws.com/forestadmin-test/livedemo/831c11d3-7cbd-4c17-acbc-e03badf6252c_1.d9a09549f3143f4650a2ea64094117a4.jpeg?odnWidth=180&odnHeight=180&odnBg=ffffff
30923,2018-03-16 22:14:01 UTC,2018-03-16 22:14:01 UTC,15200.0,Ella Samani Women's Plus Long Sleeve Wrap Knit Jumpsuit,//s3-eu-west-1.amazonaws.com/forestadmin-test/livedemo/2f0d1e52-7a8b-413e-b7fb-8eaeba88f18f_1.89a9538ddac30b3d6f09a64de7b5336f.jpeg?odnWidth=180&odnHeight=180&odnBg=ffffff
30924,2018-03-16 22:14:01 UTC,2018-03-16 22:14:01 UTC,8000.0,Terra & Sky Women's Plus Woven Lace Up Peasant Dress,//s3-eu-west-1.amazonaws.com/forestadmin-test/livedemo/df27ae85-b2e8-4123-a7d9-6007aebb91b1_1.1603c6c077f14ce7743470d990481c9a.jpeg?odnWidth=180&odnHeight=180&odnBg=ffffff
30925,2018-03-16 22:14:01 UTC,2018-03-16 22:14:01 UTC,8500.0,Cherokee Women's Plus Short Sleeve Woven Peasant Dress with Embroidery,//s3-eu-west-1.amazonaws.com/forestadmin-test/livedemo/5929decd-4637-4aeb-9eb1-619e8cf19581_1.fa5d9b435b58159ad1192c8544e78690.jpeg?odnWidth=180&odnHeight=180&odnBg=ffffff
30926,2018-03-16 22:14:01 UTC,2018-03-16 22:14:01 UTC,8900.0,Fashion Women Big Plus Size Dress Sexy Ladies V-neck Burgundy Bubble Skirt XL XXL 3XL 4XL 5XL Size12 16 18 20 22,//s3-eu-west-1.amazonaws.com/forestadmin-test/livedemo/cf2c50c4-e3c3-4981-ba2c-28b9444ea465_1.c4d47f737f2812d2793c8d3f584e7af2.jpeg?odnWidth=180&odnHeight=180&odnBg=ffffff
30927,2018-03-16 22:14:01 UTC,2018-03-16 22:14:01 UTC,12100.0,Paper Tee Women'S Plus Chiffon Bell Sleeve Dress W/ Crochet Detail,//s3-eu-west-1.amazonaws.com/forestadmin-test/livedemo/1fa5bdbc-a96c-447c-ae7d-681cfdbab15d_1.9f4a9e33b786c98498ee4c9ddd8038a2.jpeg?odnWidth=180&odnHeight=180&odnBg=ffffff
30928,2018-03-16 22:14:01 UTC,2018-03-16 22:14:01 UTC,15600.0,Paper Doll Women's Plus Sleeveless Ruffle V-Neck Bodycon Dress,//s3-eu-west-1.amazonaws.com/forestadmin-test/livedemo/c8798cc1-a558-4270-bb87-8e0a8001371d_1.9e88862e2700f79c63dd8976c946bbc9.jpeg?odnWidth=180&odnHeight=180&odnBg=ffffff
30929,2018-03-16 22:14:01 UTC,2018-03-16 22:14:01 UTC,5100.0,Paper Tee Women's Plus Long Sleeve Floral Dress with Ruffle Detail,//s3-eu-west-1.amazonaws.com/forestadmin-test/livedemo/889feec4-4ed6-44a6-9b37-eef7d01b89e4_1.368a73b9d956eccfd5d25f927f824ad5.jpeg?odnWidth=180&odnHeight=180&odnBg=ffffff
30930,2018-03-16 22:14:01 UTC,2018-03-16 22:14:01 UTC,1800.0,Paper Doll Women's Plus Long Sleeve Floral Wrap Maxi Dress,//s3-eu-west-1.amazonaws.com/forestadmin-test/livedemo/835e22bc-2b5a-4d50-b36e-817ad336ca32_1.09541c3205f32bf3bdb0b4d61672c074.jpeg?odnWidth=180&odnHeight=180&odnBg=ffffff
30931,2018-03-16 22:14:01 UTC,2018-03-16 22:14:01 UTC,18800.0,Moral Fiber Junior Plus Sleeveless Gigi Choker Bodycon W/ Lace Up Skirt,//s3-eu-west-1.amazonaws.com/forestadmin-test/livedemo/d36ab99b-644e-4f63-91c3-233b931e9b7f_1.3743364cfb3bead35452909f9f6a1f31.jpeg?odnWidth=180&odnHeight=180&odnBg=ffffff
30932,2018-03-16 22:14:01 UTC,2018-03-16 22:14:01 UTC,19100.0,Paper Tee Women'S Plus Shirt Dress W/ Floral Embroidery,//s3-eu-west-1.amazonaws.com/forestadmin-test/livedemo/bcff2e86-fd65-4e69-aa94-3d3ef6172e89_1.07177160f3ec6e5169da51a90ecb6645.jpeg?odnWidth=180&odnHeight=180&odnBg=ffffff
30933,2018-03-16 22:14:01 UTC,2018-03-16 22:14:01 UTC,20000.0,Hots-Wing Women's Plus Size Boho Printed Long Maxi Dress,//s3-eu-west-1.amazonaws.com/forestadmin-test/livedemo/60e0421f-a8ec-44fb-bf92-5ab50133a285_1.e319c9eca3b233c56802e874cb99324a.jpeg?odnWidth=180&odnHeight=180&odnBg=ffffff
30934,2018-03-16 22:14:01 UTC,2018-03-16 22:14:01 UTC,15800.0,Paper Doll Women's Plus Long Sleeve Washed Satin Jumpsuit,//s3-eu-west-1.amazonaws.com/forestadmin-test/livedemo/03a9527a-5bdb-4d6b-8386-da51ddbe68e7_1.46498f492f2d937376d280e83db96d92.jpeg?odnWidth=180&odnHeight=180&odnBg=ffffff
30935,2018-03-16 22:14:01 UTC,2018-03-16 22:14:01 UTC,17300.0,Paper Doll Women's Plus Cap Sleeve Dress With Lace Illusion,//s3-eu-west-1.amazonaws.com/forestadmin-test/livedemo/a4f48641-bd57-4677-afa5-faa6a70be082_1.2b3da86abc11e997dd4da8be02aefc6f.jpeg?odnWidth=180&odnHeight=180&odnBg=ffffff
30936,2018-03-16 22:14:01 UTC,2018-03-16 22:14:01 UTC,1500.0,Paper Tee Women's Plus Flutter Cold Shoulder Floral Wrap Maxi Dress,//s3-eu-west-1.amazonaws.com/forestadmin-test/livedemo/385cfb91-6174-4eb7-8e25-d98276274278_1.35cd82c59c43e222d0360281ffdea966.jpeg?odnWidth=180&odnHeight=180&odnBg=ffffff
30937,2018-03-16 22:14:01 UTC,2018-03-16 22:14:01 UTC,4600.0,White Mark Women's Plus Size Printed Jasmine Maxi Dress,//s3-eu-west-1.amazonaws.com/forestadmin-test/livedemo/4f930dad-1fe3-47e1-bee1-b42de55bf6a8_1.e49537fea790fe3d57d1d8fb60e03b0d.jpeg?odnWidth=180&odnHeight=180&odnBg=ffffff
30938,2018-03-16 22:14:01 UTC,2018-03-16 22:14:01 UTC,11700.0,24/7 Comfort Apparel Women's Plus Size T-shirt Dress,//s3-eu-west-1.amazonaws.com/forestadmin-test/livedemo/310ff15b-4c78-477f-9ffb-eb42ebd157c1_1.8a88ad7a4c64d2860851c129012095d7.jpeg?odnWidth=180&odnHeight=180&odnBg=ffffff
30939,2018-03-16 22:14:10 UTC,2018-03-16 22:59:11 UTC,34100.0,Certified Pre-Owned Apple iPhone 6 Smartphone,//s3-eu-west-1.amazonaws.com/forestadmin-test/livedemo/51519493-2123-4e2d-a0e1-81c4d695c998_1.84bd3141e5569fee4f1b5ed60659798a.jpeg?odnWidth=180&odnHeight=180&odnBg=ffffff
30940,2018-03-16 22:14:10 UTC,2018-03-16 22:14:10 UTC,64100.0,Samsung Galaxy Note 4 N910V 32GB Verizon + Unlocked GSM 4G LTE Phone - White (Refurbished),//s3-eu-west-1.amazonaws.com/forestadmin-test/livedemo/c54a9085-7364-40b6-beb9-d7ba50761ce3_1.9d932b60ce9cea7d3bf58f7170db9be8.jpeg?odnWidth=180&odnHeight=180&odnBg=ffffff
30941,2018-03-16 22:14:10 UTC,2018-03-16 22:59:19 UTC,61100.0,Apple iPhone 6 16GB Unlocked GSM Phone w/ 8MP Camera - Space Gray,//s3-eu-west-1.amazonaws.com/forestadmin-test/livedemo/cd0c82e0-e052-44ec-8475-5d5e9523c09c_1.7ba98584a80d154975e93b0d266c619f.jpeg?odnWidth=180&odnHeight=180&odnBg=ffffff
30942,2018-03-16 22:14:10 UTC,2018-03-16 22:14:10 UTC,30500.0,Samsung Galaxy S5 G900A 16GB Unlocked GSM Phone w/ 16MP Camera - Blue (Certified Refurbished),//s3-eu-west-1.amazonaws.com/forestadmin-test/livedemo/7fa18302-140e-45c3-aff9-997a9495602c_1.6390dc0014d82fa14f936e6bca71b59e.jpeg?odnWidth=180&odnHeight=180&odnBg=ffffff
30943,2018-03-16 22:14:10 UTC,2018-03-16 22:14:10 UTC,35600.0,Samsung Galaxy Mega 2 G750A 16GB AT&T Unlocked 4G LTE Android Phone w/ 8MP Camera - Black,//s3-eu-west-1.amazonaws.com/forestadmin-test/livedemo/062058ae-7ea8-4e41-ab41-cdf934222b47_1.0e60faffa7b8b122713c385930351b36.jpeg?odnWidth=180&odnHeight=180&odnBg=ffffff
30944,2018-03-16 22:14:10 UTC,2018-03-16 22:14:10 UTC,92900.0,LG G5 H820 32GB Unlocked GSM 4G LTE Quad-Core Phone w/ Dual 16MP & 8MP Camera - Gold,//s3-eu-west-1.amazonaws.com/forestadmin-test/livedemo/a3451c74-ff36-40da-badf-9c2e19940f1c_1.a50307e2ad9b4d6b754e83c789f4c96a.jpeg?odnWidth=180&odnHeight=180&odnBg=ffffff
30945,2018-03-16 22:14:10 UTC,2018-03-16 22:59:30 UTC,81400.0,LG V20 64GB H910A Unlocked GSM 4G LTE Quad-Core Phone w/ Dual Rear Camera (16MP+8MP) - Titan,//s3-eu-west-1.amazonaws.com/forestadmin-test/livedemo/ead1f1fd-6958-46ea-b351-4da6b26b3028_1.49e3a54839f3b2e99446ec7a0dd0a889.jpeg?odnWidth=180&odnHeight=180&odnBg=ffffff
30946,2018-03-16 22:14:10 UTC,2018-03-16 22:14:10 UTC,54100.0,Samsung Galaxy S8 64GB (Unlocked) - Midnight Black,//s3-eu-west-1.amazonaws.com/forestadmin-test/livedemo/b2addde7-d301-44ca-8768-27d78f453e62_1.e9ecfa6b087df1fb06a082175745006d.jpeg?odnWidth=180&odnHeight=180&odnBg=ffffff
30947,2018-03-16 22:14:10 UTC,2018-03-16 22:14:10 UTC,98500.0,Apple iPhone 7 128GB Unlocked GSM Quad-Core Phone w/ 12MP Camera - Jet Black Refurbished,//s3-eu-west-1.amazonaws.com/forestadmin-test/livedemo/76b04af9-e452-4ff8-9448-cbdf8408f91e_1.d12521887beaab666a6809bac4976e44.jpeg?odnWidth=180&odnHeight=180&odnBg=ffffff
30948,2018-03-16 22:14:10 UTC,2018-03-16 22:14:10 UTC,31700.0,Refurbished Apple iPhone 5c 8GB Factory Unlocked GSM Cell Phone - Blue,//s3-eu-west-1.amazonaws.com/forestadmin-test/livedemo/b63a23c6-bd0f-4369-af20-6004bddfb8cd_1.0ff15bda2c7710c52e650ea318f8aae9.jpeg?odnWidth=180&odnHeight=180&odnBg=ffffff
30949,2018-03-16 22:14:10 UTC,2018-03-16 22:14:10 UTC,37900.0,"Refurbished LG K10 K425 16GB (AT&T) GSM Unlocked Android Smartphone, Blue",//s3-eu-west-1.amazonaws.com/forestadmin-test/livedemo/18c5889a-ff01-46ba-b246-a35c2749f10e_1.88e5d46c5a0f84252afc155ab0fa84e8.jpeg?odnWidth=180&odnHeight=180&odnBg=ffffff
30950,2018-03-16 22:14:10 UTC,2018-03-16 22:14:10 UTC,46000.0,Apple iPhone 6 Plus 128GB Unlocked GSM Phone w/ 8MP Camera - Space Gray (Refurbished),//s3-eu-west-1.amazonaws.com/forestadmin-test/livedemo/9ce291fa-322e-4439-9246-a20c74c33e6e_1.8638933623f530c57884fa80996d6ae5.jpeg?odnWidth=180&odnHeight=180&odnBg=ffffff
30951,2018-03-16 22:14:10 UTC,2018-03-16 22:14:10 UTC,86200.0,BLU Grand M G070Q Unlocked GSM Quad-Core Dual-SIM Phone - Gold (Certified Refurbished),//s3-eu-west-1.amazonaws.com/forestadmin-test/livedemo/159eb1c6-85b0-4172-b534-3bb16285a77e_1.df0f1757e5e1098ce86c6817db6cdb2d.jpeg?odnWidth=180&odnHeight=180&odnBg=ffffff
30952,2018-03-16 22:14:10 UTC,2018-03-16 22:14:10 UTC,82300.0,LG G3 D850 32GB AT&T Unlocked GSM 4G LTE Quad-Core Phone w/13MP Camera & True HD-IPS Display - Silk White,//s3-eu-west-1.amazonaws.com/forestadmin-test/livedemo/dc2a1863-0042-4dd3-8dce-7afbf011b805_1.a55577fe0b1b1f1324033c10806e5395.jpeg?odnWidth=180&odnHeight=180&odnBg=ffffff
30953,2018-03-16 22:14:10 UTC,2018-03-16 22:14:10 UTC,57900.0,Apple iPhone 6s Plus 16GB Unlocked GSM 4G LTE 12MP Cell Phone - Gold (Refurbished),//s3-eu-west-1.amazonaws.com/forestadmin-test/livedemo/8d6eca48-c342-49f3-be36-284c5b98cc58_1.d335ab5defb0955ee99e13c4f0ff026c.jpeg?odnWidth=180&odnHeight=180&odnBg=ffffff
30954,2018-03-16 22:14:10 UTC,2018-03-16 22:14:10 UTC,52800.0,Apple iPhone 5 16GB Unlocked GSM/Verizon CDMA LTE Refurbished Phone - Black (Refurbished),//s3-eu-west-1.amazonaws.com/forestadmin-test/livedemo/603d0c08-839a-439a-a2ab-e5a72c3986d8_1.4c43763485a10cba8640f34cde13cbd1.jpeg?odnWidth=180&odnHeight=180&odnBg=ffffff
30955,2018-03-16 22:14:10 UTC,2018-03-16 22:14:10 UTC,33700.0,Apple iPhone 6 16GB Unlocked GSM Phone w/ 8MP Camera - Silver (Certified Refurbished),//s3-eu-west-1.amazonaws.com/forestadmin-test/livedemo/85ef4895-8949-4d02-a205-82439260c979_1.164cd411ce171a459654a27cf4eba0c1.jpeg?odnWidth=180&odnHeight=180&odnBg=ffffff
30956,2018-03-16 22:14:10 UTC,2018-03-16 22:14:10 UTC,68200.0,Apple iPhone 6s 64GB Unlocked GSM 4G LTE Dual-Core Phone w/ 12MP Camera - Gold (Certified Refurbished),//s3-eu-west-1.amazonaws.com/forestadmin-test/livedemo/a53507ab-106c-4057-bd76-c06330298158_1.cb3d0441c4b2a943d18997fbaf26379b.jpeg?odnWidth=180&odnHeight=180&odnBg=ffffff
30957,2018-03-16 22:14:10 UTC,2018-03-16 22:14:10 UTC,54400.0,Samsung Galaxy S7 Edge G935FD 32GB Unlocked GSM 4G LTE Quad-Core Android Phone w/ 12MP Camera - Silver,//s3-eu-west-1.amazonaws.com/forestadmin-test/livedemo/63a2d350-e44f-4750-83b3-254b4ed7aef7_1.1a51aab235e4423330364bef90098a7e.jpeg?odnWidth=180&odnHeight=180&odnBg=ffffff
30958,2018-03-16 22:14:10 UTC,2018-03-16 22:14:10 UTC,96600.0,Refurbished Apple iPhone 6 64GB GSM Smartphone (Unlocked),//s3-eu-west-1.amazonaws.com/forestadmin-test/livedemo/cfc3b241-7204-46aa-a169-3bf52811e514_1.19e8ca95fac3d1d3a2f5057812a6c5b8.jpeg?odnWidth=180&odnHeight=180&odnBg=ffffff
30959,2018-03-16 22:14:10 UTC,2018-03-16 22:14:10 UTC,62300.0,BLU Life Max L0110UU 16GB Unlocked GSM 4G LTE Quad-Core Phone w/ 8MP Camera - Blue,//s3-eu-west-1.amazonaws.com/forestadmin-test/livedemo/e041c8bd-744b-4ed9-979c-6667c65fed5a_1.dcedf79a2fe09b5da46796dd37e2bf8c.jpeg?odnWidth=180&odnHeight=180&odnBg=ffffff
30960,2018-03-16 22:14:10 UTC,2018-03-16 22:14:10 UTC,66900.0,"Motorola Moto G4 32GB Unlocked Smartphone, Black",//s3-eu-west-1.amazonaws.com/forestadmin-test/livedemo/a0cdf727-4c22-4bc8-9457-e654035c727f_1.0b52a7adb2aec3c7d66111291e79da4a.jpeg?odnWidth=180&odnHeight=180&odnBg=ffffff
30961,2018-03-16 22:14:10 UTC,2018-03-16 22:14:10 UTC,92800.0,Samsung Galaxy S8 G950F 64GB Unlocked GSM Phone w/ 12MP Camera - Maple Gold,//s3-eu-west-1.amazonaws.com/forestadmin-test/livedemo/5e23f293-6308-41a1-bf42-98b665833428_1.6d8ee0ffed66d0fd985259f98713b733.jpeg?odnWidth=180&odnHeight=180&odnBg=ffffff
30962,2018-03-16 22:14:10 UTC,2018-03-16 22:14:10 UTC,84900.0,"Motorola Moto G5 Plus 32GB Unlocked Smartphone, Fine Gold",//s3-eu-west-1.amazonaws.com/forestadmin-test/livedemo/d29520e1-43f8-4bcf-b71e-4337aeb50c96_4.5b257f3de9a6256af47b3173d4397312.jpeg?odnWidth=180&odnHeight=180&odnBg=ffffff
30963,2018-03-16 22:14:10 UTC,2018-03-16 22:14:10 UTC,92400.0,LG G5 H830 32GB Unlocked GSM Phone w/ Dual 16MP & 8MP Camera - Silver,//s3-eu-west-1.amazonaws.com/forestadmin-test/livedemo/6f18789d-ae7b-486b-bff1-7a1944d28738_1.0cb9687cb9352eb304dc1da41242f0e4.jpeg?odnWidth=180&odnHeight=180&odnBg=ffffff
30964,2018-03-16 22:14:10 UTC,2018-03-16 22:14:10 UTC,72300.0,Apple iPhone 5s 16GB Unlocked GSM 4G LTE Dual-Core Phone w/ 8MP Camera - Gold (Refurbished),//s3-eu-west-1.amazonaws.com/forestadmin-test/livedemo/c19f4825-86dc-4fb8-bad7-7f38d6def43f_1.70c8066e2aba39bdf278d7a6520c3964.jpeg?odnWidth=180&odnHeight=180&odnBg=ffffff
30965,2018-03-16 22:14:10 UTC,2018-03-16 22:14:10 UTC,74200.0,HUAWEI Ascend Mate 2 MT2-L03 16GB Unlocked GSM 4G LTE Android Phone - Black,//s3-eu-west-1.amazonaws.com/forestadmin-test/livedemo/38253025-698f-4281-b3a1-46209891af1c_1.f1b16df1f2b00637f443ddabe7a7e52d.jpeg?odnWidth=180&odnHeight=180&odnBg=ffffff
30966,2018-03-16 22:14:10 UTC,2018-03-16 22:14:10 UTC,86400.0,"Samsung Galaxy S7 Edge 32GB No Plan - Unlocked Smartphone, Gold",//s3-eu-west-1.amazonaws.com/forestadmin-test/livedemo/4af6035b-a50f-4479-892b-9f985fa8870b_1.b912983fe5de13e2a49538d88c6a8455.jpeg?odnWidth=180&odnHeight=180&odnBg=ffffff
30967,2018-03-16 22:14:10 UTC,2018-03-16 22:14:10 UTC,53400.0,BLU Studio XL2 S0270UU 16GB Unlocked GSM 4G LTE Quad-Core Phone w/ 13MP Camera - Black (Certified Refurbished),//s3-eu-west-1.amazonaws.com/forestadmin-test/livedemo/53d38332-3c98-4bc0-a022-3fcc7ed17cec_1.3137ef9c76b8d0156bb4f0c0b87c0733.jpeg?odnWidth=180&odnHeight=180&odnBg=ffffff
30968,2018-03-16 22:14:10 UTC,2018-03-16 22:14:10 UTC,32300.0,Samsung Galaxy S6 G920V 32GB Verizon - Black (Refurbished),//s3-eu-west-1.amazonaws.com/forestadmin-test/livedemo/21a59644-aa45-406c-a5c9-a3a6404d2311_1.c6b3f4d47f7361e5a608eddea7a8fa2f.jpeg?odnWidth=180&odnHeight=180&odnBg=ffffff
30969,2018-03-16 22:14:10 UTC,2018-03-16 22:14:10 UTC,47600.0,Apple iPhone 6 Plus 16GB GSM Unlocked IOS Smartphone - Space Gray B-Grade Refurbished,//s3-eu-west-1.amazonaws.com/forestadmin-test/livedemo/9ce291fa-322e-4439-9246-a20c74c33e6e_1.8638933623f530c57884fa80996d6ae5.jpeg?odnWidth=180&odnHeight=180&odnBg=ffffff
30970,2018-03-16 22:14:10 UTC,2018-03-16 22:14:10 UTC,53900.0,"Unlocked GSM Apple iPhone 7 128GB, Rose Gold",//s3-eu-west-1.amazonaws.com/forestadmin-test/livedemo/daa60b5d-09a6-4fe3-8f80-33567b4555c7_1.7075a7723a554b27e7d12d92ae24bb5a.jpeg?odnWidth=180&odnHeight=180&odnBg=ffffff
30971,2018-03-16 22:14:10 UTC,2018-03-16 22:59:04 UTC,52900.0,Refurbished Apple iPhone 6 16GB GSM Smartphone,//s3-eu-west-1.amazonaws.com/forestadmin-test/livedemo/d61cfc07-d87b-4d1c-8390-1a6387ee573c_1.19e8ca95fac3d1d3a2f5057812a6c5b8.jpeg?odnWidth=180&odnHeight=180&odnBg=ffffff
30972,2018-03-16 22:14:10 UTC,2018-03-16 22:14:10 UTC,49100.0,"Motorola Moto G5S Plus 32GB Unlocked Smartphone, Blush Gold",//s3-eu-west-1.amazonaws.com/forestadmin-test/livedemo/54b485a2-8fd8-4261-9d30-2818bc3503b2_1.09be125f7e716703b0a2159643cfd718.jpeg?odnWidth=180&odnHeight=180&odnBg=ffffff
30973,2018-03-16 22:14:10 UTC,2018-03-16 22:58:46 UTC,53200.0,Refurbished Apple iPhone 6S 64GB GSM Smartphone,https://forestadmin-test.s3.eu-west-1.amazonaws.com/livedemo/07d9d8b3-669f-476e-93c5-f3b16ab04584
30974,2018-03-16 22:14:10 UTC,2018-03-16 22:14:10 UTC,34200.0,BLU Vivo XL2 V0070UU 32GB Unlocked GSM LTE Quad-Core Dual-SIM Phone - Gold,//s3-eu-west-1.amazonaws.com/forestadmin-test/livedemo/93f3a618-d4ef-4cfc-ba43-da4f533cff09_1.1b5eb5167e6ea819fad4ce49356ab7b0.jpeg?odnWidth=180&odnHeight=180&odnBg=ffffff
30975,2018-03-16 22:14:10 UTC,2018-03-16 22:14:10 UTC,68400.0,"Motorola Moto X4 32GB Unlocked Smartphone, Sterling Blue",//s3-eu-west-1.amazonaws.com/forestadmin-test/livedemo/c7f086df-7ec4-4066-ba52-1ae24d3e3f09_1.7797230bea9f714432a84ef976b508f0.jpeg?odnWidth=180&odnHeight=180&odnBg=ffffff
30976,2018-03-16 22:14:10 UTC,2018-03-16 22:58:57 UTC,56800.0,"Galaxy Note8 64GB, Orchid Gray",//s3-eu-west-1.amazonaws.com/forestadmin-test/livedemo/a3194520-2b58-4a92-b69f-b7b27a3131fb_1.c4485d9d422a22491f9c61b27d28728a.jpeg?odnWidth=180&odnHeight=180&odnBg=ffffff
30977,2018-03-16 22:14:10 UTC,2018-03-16 22:14:10 UTC,97200.0,"LG G6 32GB Unlocked Smartphone, Black",//s3-eu-west-1.amazonaws.com/forestadmin-test/livedemo/2ec7c286-4f1d-44b6-8211-8b2e130ca567_3.c48bc66a79da45d5d82c50923208c976.jpeg?odnWidth=180&odnHeight=180&odnBg=ffffff
30978,2018-03-16 22:14:10 UTC,2018-03-16 22:54:01 UTC,53800.0,"Motorola Moto E Plus 32GB Unlocked Smartphone, Fine Gold",//s3-eu-west-1.amazonaws.com/forestadmin-test/livedemo/bf4a1af9-8010-483b-b343-d91214f0b402_1.f2d7ab3a76324261edc58d2fd4fc4cfb.jpeg?odnWidth=180&odnHeight=180&odnBg=ffffff
